-- Insert data into the Student table

INSERT INTO Student (id, first_name, last_name, dob, email, phone, address)
VALUES
(10000001, 'John', 'Doe', '2000-01-01', 'john.doe@example.com', '555-0001', '123 Main St'),
(10000002, 'Jane', 'Smith', '2001-02-02', 'jane.smith@example.com', '555-0002', '456 Elm St'),
(10000003, 'Alice', 'Johnson', '2002-03-03', 'alice.johnson@example.com', '555-0003', '789 Oak St'),
(10000004, 'Bob', 'Brown', '2003-04-04', 'bob.brown@example.com', '555-0004', '101 Maple St'),
(10000005, 'Charlie', 'Davis', '2000-05-05', 'charlie.davis@example.com', '555-0005', '202 Birch St'),
(10000006, 'Eve', 'Martinez', '2001-06-06', 'eve.martinez@example.com', '555-0006', '303 Cedar St'),
(10000007, 'Frank', 'Wilson', '2002-07-07', 'frank.wilson@example.com', '555-0007', '404 Pine St'),
(10000008, 'Grace', 'Moore', '2003-08-08', 'grace.moore@example.com', '555-0008', '505 Spruce St'),
(10000009, 'Hannah', 'Taylor', '2000-09-09', 'hannah.taylor@example.com', '555-0009', '606 Fir St'),
(10000010, 'Ian', 'Anderson', '2001-10-10', 'ian.anderson@example.com', '555-0010', '707 Walnut St'),
(10000011, 'Jack', 'Thomas', '2002-11-11', 'jack.thomas@example.com', '555-0011', '808 Poplar St'),
(10000012, 'Kelly', 'Jackson', '2003-12-12', 'kelly.jackson@example.com', '555-0012', '909 Chestnut St'),
(10000013, 'Liam', 'White', '2000-01-13', 'liam.white@example.com', '555-0013', '1010 Maple St'),
(10000014, 'Mia', 'Harris', '2001-02-14', 'mia.harris@example.com', '555-0014', '1111 Oak St'),
(10000015, 'Noah', 'Martin', '2002-03-15', 'noah.martin@example.com', '555-0015', '1212 Pine St'),
(10000016, 'Olivia', 'Thompson', '2003-04-16', 'olivia.thompson@example.com', '555-0016', '1313 Cedar St'),
(10000017, 'Paul', 'Garcia', '2000-05-17', 'paul.garcia@example.com', '555-0017', '1414 Birch St'),
(10000018, 'Quinn', 'Martinez', '2001-06-18', 'quinn.martinez@example.com', '555-0018', '1515 Spruce St'),
(10000019, 'Rachel', 'Clark', '2002-07-19', 'rachel.clark@example.com', '555-0019', '1616 Walnut St'),
(10000020, 'Sam', 'Lewis', '2003-08-20', 'sam.lewis@example.com', '555-0020', '1717 Poplar St'),
(10000021, 'Tina', 'Walker', '2000-09-21', 'tina.walker@example.com', '555-0021', '1818 Chestnut St'),
(10000022, 'Ulysses', 'Young', '2001-10-22', 'ulysses.young@example.com', '555-0022', '1919 Maple St'),
(10000023, 'Vera', 'King', '2002-11-23', 'vera.king@example.com', '555-0023', '2020 Oak St'),
(10000024, 'Will', 'Wright', '2003-12-24', 'will.wright@example.com', '555-0024', '2121 Pine St'),
(10000025, 'Xena', 'Hill', '2000-01-25', 'xena.hill@example.com', '555-0025', '2222 Cedar St'),
(10000026, 'Yvonne', 'Adams', '2001-02-26', 'yvonne.adams@example.com', '555-0026', '2323 Birch St'),
(10000027, 'Zane', 'Scott', '2002-03-27', 'zane.scott@example.com', '555-0027', '2424 Spruce St'),
(10000028, 'Amy', 'Mitchell', '2003-04-28', 'amy.mitchell@example.com', '555-0028', '2525 Walnut St'),
(10000029, 'Brian', 'Evans', '2000-05-29', 'brian.evans@example.com', '555-0029', '2626 Poplar St'),
(10000030, 'Catherine', 'Parker', '2001-06-30', 'catherine.parker@example.com', '555-0030', '2727 Chestnut St');

-- Insert data into the Teacher table
INSERT INTO Teacher (id, first_name, last_name, email, phone, department)
VALUES
(20000001, 'Alice', 'Green', 'alice.green@example.com', '555-0101', 'Mathematics'),
(20000002, 'Bob', 'Blue', 'bob.blue@example.com', '555-0102', 'Science'),
(20000003, 'Carol', 'Black', 'carol.black@example.com', '555-0103', 'History'),
(20000004, 'Dave', 'White', 'dave.white@example.com', '555-0104', 'Literature'),
(20000005, 'Eva', 'Red', 'eva.red@example.com', '555-0105', 'Computer Science'),
(20000006, 'Frank', 'Grey', 'frank.grey@example.com', '555-0106', 'Physics'),
(20000007, 'Grace', 'Purple', 'grace.purple@example.com', '555-0107', 'Chemistry'),
(20000008, 'Hank', 'Orange', 'hank.orange@example.com', '555-0108', 'Biology'),
(20000009, 'Ivy', 'Yellow', 'ivy.yellow@example.com', '555-0109', 'Economics'),
(20000010, 'Jack', 'Pink', 'jack.pink@example.com', '555-0110', 'Philosophy'),
(20000011, 'Karen', 'Teal', 'karen.teal@example.com', '555-0111', 'Sociology'),
(20000012, 'Leo', 'Cyan', 'leo.cyan@example.com', '555-0112', 'Geography'),
(20000013, 'Mona', 'Magenta', 'mona.magenta@example.com', '555-0113', 'Political Science'),
(20000014, 'Nina', 'Brown', 'nina.brown@example.com', '555-0114', 'Art'),
(20000015, 'Oscar', 'Silver', 'oscar.silver@example.com', '555-0115', 'Music'),
(20000016, 'Paul', 'Gold', 'paul.gold@example.com', '555-0116', 'Physical Education'),
(20000017, 'Quinn', 'Copper', 'quinn.copper@example.com', '555-0117', 'Drama'),
(20000018, 'Rita', 'Bronze', 'rita.bronze@example.com', '555-0118', 'Engineering'),
(20000019, 'Steve', 'Platinum', 'steve.platinum@example.com', '555-0119', 'Engineering'),
(20000020, 'Tina', 'Iron', 'tina.iron@example.com', '555-0120', 'Architecture');

-- Insert data into the Course table
INSERT INTO Course (id, name, code, credits, teacher_id)
VALUES
(30000001, 'Calculus I', 'MATH101', 4, 20000001),
(30000002, 'Linear Algebra', 'MATH102', 3, 20000001),
(30000003, 'Physics I', 'PHYS101', 4, 20000006),
(30000004, 'Chemistry I', 'CHEM101', 4, 20000007),
(30000005, 'Introduction to Sociology', 'SOC101', 3, 20000011),
(30000006, 'American Literature', 'LIT101', 3, 20000004),
(30000007, 'Introduction to Programming', 'CS101', 4, 20000005),
(30000008, 'Data Structures', 'CS102', 4, 20000005),
(30000009, 'Biology I', 'BIOL101', 4, 20000008),
(30000010, 'Macroeconomics', 'ECON101', 3, 20000009);

-- Insert data into the Enrollment table
INSERT INTO Enrollment (id, student_id, course_id, enrollment_date)
VALUES 
(40000001, 10000001, 30000001, '2023-01-15'),
(40000002, 10000001, 30000002, '2023-01-15'),
(40000003, 10000002, 30000003, '2023-01-15'),
(40000004, 10000002, 30000004, '2023-01-15'),
(40000005, 10000003, 30000005, '2023-01-15'),
(40000006, 10000003, 30000006, '2023-01-15'),
(40000007, 10000004, 30000007, '2023-01-15'),
(40000008, 10000004, 30000008, '2023-01-15'),
(40000009, 10000005, 30000009, '2023-01-15'),
(40000010, 10000005, 30000010, '2023-01-15'),
(40000011, 10000006, 30000001, '2023-01-15'),
(40000012, 10000006, 30000002, '2023-01-15'),
(40000013, 10000007, 30000003, '2023-01-15'),
(40000014, 10000007, 30000004, '2023-01-15'),
(40000015, 10000008, 30000005, '2023-01-15'),
(40000016, 10000008, 30000006, '2023-01-15'),
(40000017, 10000009, 30000007, '2023-01-15'),
(40000018, 10000009, 30000008, '2023-01-15'),
(40000019, 10000010, 30000009, '2023-01-15'),
(40000020, 10000010, 30000010, '2023-01-15'),
(40000021, 10000011, 30000001, '2023-01-15'),
(40000022, 10000011, 30000002, '2023-01-15'),
(40000023, 10000012, 30000003, '2023-01-15'),
(40000024, 10000012, 30000004, '2023-01-15'),
(40000025, 10000013, 30000005, '2023-01-15'),
(40000026, 10000013, 30000006, '2023-01-15'),
(40000027, 10000014, 30000007, '2023-01-15'),
(40000028, 10000014, 30000008, '2023-01-15'),
(40000029, 10000015, 30000009, '2023-01-15'),
(40000030, 10000015, 30000010, '2023-01-15');

-- Insert data into the Grade table
INSERT INTO Grade (id, enrollment_id, grade, comments)
VALUES
(50000001, 40000001, 88.5, 'Good performance'),
(50000002, 40000002, 92.0, 'Excellent understanding'),
(50000003, 40000003, 75.0, 'Satisfactory'),
(50000004, 40000004, 82.5, 'Needs improvement in labs'),
(50000005, 40000005, 90.0, 'Very good'),
(50000006, 40000006, 85.5, 'Well done'),
(50000007, 40000007, 77.0, 'Average'),
(50000008, 40000008, 80.0, 'Good'),
(50000009, 40000009, 89.0, 'Very good'),
(50000010, 40000010, 91.0, 'Excellent work'),
(50000011, 40000011, 83.5, 'Solid performance'),
(50000012, 40000012, 87.0, 'Above average'),
(50000013, 40000013, 78.0, 'Satisfactory'),
(50000014, 40000014, 85.0, 'Good effort'),
(50000015, 40000015, 90.5, 'Excellent'),
(50000016, 40000016, 88.0, 'Very good'),
(50000017, 40000017, 76.0, 'Needs improvement'),
(50000018, 40000018, 84.0, 'Good'),
(50000019, 40000019, 91.5, 'Outstanding'),
(50000020, 40000020, 89.5, 'Very good'),
(50000021, 40000021, 82.0, 'Good'),
(50000022, 40000022, 86.0, 'Above average'),
(50000023, 40000023, 77.5, 'Satisfactory'),
(50000024, 40000024, 83.0, 'Good'),
(50000025, 40000025, 88.5, 'Strong performance'),
(50000026, 40000026, 85.0, 'Good'),
(50000027, 40000027, 78.5, 'Average'),
(50000028, 40000028, 81.0, 'Good effort'),
(50000029, 40000029, 90.0, 'Very good'),
(50000030, 40000030, 84.5, 'Good performance');
